{
  "POST Create Order" : {
    "transaction" : "POST Create Order",
    "sampleCount" : 60,
    "errorCount" : 0,
    "errorPct" : 0.0,
    "meanResTime" : 2.7500000000000004,
    "medianResTime" : 2.5,
    "minResTime" : 2.0,
    "maxResTime" : 6.0,
    "pct1ResTime" : 4.0,
    "pct2ResTime" : 5.949999999999996,
    "pct3ResTime" : 6.0,
    "throughput" : 1.020321401241391,
    "receivedKBytesPerSec" : 0.36842171690332454,
    "sentKBytesPerSec" : 0.24511627412634981
  },
  "GET List All Products" : {
    "transaction" : "GET List All Products",
    "sampleCount" : 60,
    "errorCount" : 0,
    "errorPct" : 0.0,
    "meanResTime" : 3.8999999999999995,
    "medianResTime" : 3.0,
    "minResTime" : 2.0,
    "maxResTime" : 53.0,
    "pct1ResTime" : 4.0,
    "pct2ResTime" : 6.8999999999999915,
    "pct3ResTime" : 53.0,
    "throughput" : 1.0196451634831079,
    "receivedKBytesPerSec" : 2.8070114412684384,
    "sentKBytesPerSec" : 0.15434082064441573
  },
  "Total" : {
    "transaction" : "Total",
    "sampleCount" : 240,
    "errorCount" : 0,
    "errorPct" : 0.0,
    "meanResTime" : 2.954166666666669,
    "medianResTime" : 2.0,
    "minResTime" : 1.0,
    "maxResTime" : 53.0,
    "pct1ResTime" : 4.0,
    "pct2ResTime" : 4.949999999999989,
    "pct3ResTime" : 15.080000000000041,
    "throughput" : 4.014922127239574,
    "receivedKBytesPerSec" : 3.7233109619920706,
    "sentKBytesPerSec" : 0.8145508514980678
  },
  "POST Price Update" : {
    "transaction" : "POST Price Update",
    "sampleCount" : 60,
    "errorCount" : 0,
    "errorPct" : 0.0,
    "meanResTime" : 2.916666666666666,
    "medianResTime" : 2.0,
    "minResTime" : 2.0,
    "maxResTime" : 20.0,
    "pct1ResTime" : 3.8999999999999986,
    "pct2ResTime" : 5.8999999999999915,
    "pct3ResTime" : 20.0,
    "throughput" : 1.0202693511086927,
    "receivedKBytesPerSec" : 0.3205777966008026,
    "sentKBytesPerSec" : 0.26403454887090194
  },
  "GET Inventory by Product ID" : {
    "transaction" : "GET Inventory by Product ID",
    "sampleCount" : 60,
    "errorCount" : 0,
    "errorPct" : 0.0,
    "meanResTime" : 2.25,
    "medianResTime" : 2.0,
    "minResTime" : 1.0,
    "maxResTime" : 4.0,
    "pct1ResTime" : 3.0,
    "pct2ResTime" : 3.0,
    "pct3ResTime" : 4.0,
    "throughput" : 1.0204949400459222,
    "receivedKBytesPerSec" : 0.28701420188791565,
    "sentKBytesPerSec" : 0.16443521983161832
  }
}