{
  "POST Create Order" : {
    "transaction" : "POST Create Order",
    "sampleCount" : 50,
    "errorCount" : 0,
    "errorPct" : 0.0,
    "meanResTime" : 3.18,
    "medianResTime" : 2.0,
    "minResTime" : 1.0,
    "maxResTime" : 27.0,
    "pct1ResTime" : 4.0,
    "pct2ResTime" : 6.449999999999996,
    "pct3ResTime" : 27.0,
    "throughput" : 9.211495946941783,
    "receivedKBytesPerSec" : 3.3251341424097274,
    "sentKBytesPerSec" : 2.2129179716285927
  },
  "GET List All Products" : {
    "transaction" : "GET List All Products",
    "sampleCount" : 50,
    "errorCount" : 0,
    "errorPct" : 0.0,
    "meanResTime" : 7.820000000000002,
    "medianResTime" : 3.0,
    "minResTime" : 2.0,
    "maxResTime" : 143.0,
    "pct1ResTime" : 8.0,
    "pct2ResTime" : 42.99999999999983,
    "pct3ResTime" : 143.0,
    "throughput" : 9.74089226573154,
    "receivedKBytesPerSec" : 26.806478910968245,
    "sentKBytesPerSec" : 1.474451466004286
  },
  "Total" : {
    "transaction" : "Total",
    "sampleCount" : 200,
    "errorCount" : 0,
    "errorPct" : 0.0,
    "meanResTime" : 4.159999999999998,
    "medianResTime" : 2.0,
    "minResTime" : 1.0,
    "maxResTime" : 143.0,
    "pct1ResTime" : 5.0,
    "pct2ResTime" : 7.0,
    "pct3ResTime" : 64.62000000000035,
    "throughput" : 26.54632333421821,
    "receivedKBytesPerSec" : 24.609919407021504,
    "sentKBytesPerSec" : 5.385740891292806
  },
  "POST Price Update" : {
    "transaction" : "POST Price Update",
    "sampleCount" : 50,
    "errorCount" : 0,
    "errorPct" : 0.0,
    "meanResTime" : 3.04,
    "medianResTime" : 2.5,
    "minResTime" : 1.0,
    "maxResTime" : 9.0,
    "pct1ResTime" : 5.899999999999999,
    "pct2ResTime" : 7.0,
    "pct3ResTime" : 9.0,
    "throughput" : 8.96700143472023,
    "receivedKBytesPerSec" : 2.8160237513450506,
    "sentKBytesPerSec" : 2.3205618947274034
  },
  "GET Inventory by Product ID" : {
    "transaction" : "GET Inventory by Product ID",
    "sampleCount" : 50,
    "errorCount" : 0,
    "errorPct" : 0.0,
    "meanResTime" : 2.6000000000000005,
    "medianResTime" : 2.0,
    "minResTime" : 1.0,
    "maxResTime" : 10.0,
    "pct1ResTime" : 5.0,
    "pct2ResTime" : 6.449999999999996,
    "pct3ResTime" : 10.0,
    "throughput" : 9.552923194497517,
    "receivedKBytesPerSec" : 2.6867596484524263,
    "sentKBytesPerSec" : 1.5392893819258693
  }
}