{
  "POST Create Order" : {
    "transaction" : "POST Create Order",
    "sampleCount" : 15,
    "errorCount" : 0,
    "errorPct" : 0.0,
    "meanResTime" : 3.2,
    "medianResTime" : 3.0,
    "minResTime" : 2.0,
    "maxResTime" : 7.0,
    "pct1ResTime" : 5.200000000000001,
    "pct2ResTime" : 7.0,
    "pct3ResTime" : 7.0,
    "throughput" : 1.0838933448948622,
    "receivedKBytesPerSec" : 0.3946049208757858,
    "sentKBytesPerSec" : 0.2603884402774767
  },
  "GET List All Products" : {
    "transaction" : "GET List All Products",
    "sampleCount" : 15,
    "errorCount" : 0,
    "errorPct" : 0.0,
    "meanResTime" : 5.666666666666668,
    "medianResTime" : 3.0,
    "minResTime" : 2.0,
    "maxResTime" : 48.0,
    "pct1ResTime" : 21.600000000000016,
    "pct2ResTime" : 48.0,
    "pct3ResTime" : 48.0,
    "throughput" : 1.0812369350537014,
    "receivedKBytesPerSec" : 2.9765692577308442,
    "sentKBytesPerSec" : 0.16366379388019894
  },
  "Total" : {
    "transaction" : "Total",
    "sampleCount" : 60,
    "errorCount" : 0,
    "errorPct" : 0.0,
    "meanResTime" : 3.8166666666666664,
    "medianResTime" : 3.0,
    "minResTime" : 2.0,
    "maxResTime" : 48.0,
    "pct1ResTime" : 4.0,
    "pct2ResTime" : 7.949999999999996,
    "pct3ResTime" : 48.0,
    "throughput" : 4.05241118465487,
    "receivedKBytesPerSec" : 3.7609462591179255,
    "sentKBytesPerSec" : 0.8221566636836418
  },
  "POST Price Update" : {
    "transaction" : "POST Price Update",
    "sampleCount" : 15,
    "errorCount" : 0,
    "errorPct" : 0.0,
    "meanResTime" : 3.266666666666666,
    "medianResTime" : 3.0,
    "minResTime" : 2.0,
    "maxResTime" : 11.0,
    "pct1ResTime" : 6.8000000000000025,
    "pct2ResTime" : 11.0,
    "pct3ResTime" : 11.0,
    "throughput" : 1.083658430862592,
    "receivedKBytesPerSec" : 0.3403364759427828,
    "sentKBytesPerSec" : 0.2804389493931513
  },
  "GET Inventory by Product ID" : {
    "transaction" : "GET Inventory by Product ID",
    "sampleCount" : 15,
    "errorCount" : 0,
    "errorPct" : 0.0,
    "meanResTime" : 3.1333333333333333,
    "medianResTime" : 3.0,
    "minResTime" : 2.0,
    "maxResTime" : 8.0,
    "pct1ResTime" : 6.800000000000001,
    "pct2ResTime" : 8.0,
    "pct3ResTime" : 8.0,
    "throughput" : 1.0843634786380394,
    "receivedKBytesPerSec" : 0.30497722836694857,
    "sentKBytesPerSec" : 0.17472653708523098
  }
}