{
  "POST Create Order" : {
    "transaction" : "POST Create Order",
    "sampleCount" : 20,
    "errorCount" : 0,
    "errorPct" : 0.0,
    "meanResTime" : 6.15,
    "medianResTime" : 4.0,
    "minResTime" : 3.0,
    "maxResTime" : 29.0,
    "pct1ResTime" : 9.900000000000002,
    "pct2ResTime" : 28.049999999999986,
    "pct3ResTime" : 29.0,
    "throughput" : 1.0657004316086747,
    "receivedKBytesPerSec" : 0.3849114303031918,
    "sentKBytesPerSec" : 0.2560178771247402
  },
  "GET List All Products" : {
    "transaction" : "GET List All Products",
    "sampleCount" : 20,
    "errorCount" : 0,
    "errorPct" : 0.0,
    "meanResTime" : 6.55,
    "medianResTime" : 4.0,
    "minResTime" : 3.0,
    "maxResTime" : 47.0,
    "pct1ResTime" : 7.0,
    "pct2ResTime" : 44.99999999999997,
    "pct3ResTime" : 47.0,
    "throughput" : 1.0466820180029306,
    "receivedKBytesPerSec" : 2.8804198503244716,
    "sentKBytesPerSec" : 0.15843331327192797
  },
  "Total" : {
    "transaction" : "Total",
    "sampleCount" : 80,
    "errorCount" : 0,
    "errorPct" : 0.0,
    "meanResTime" : 6.1,
    "medianResTime" : 4.0,
    "minResTime" : 2.0,
    "maxResTime" : 47.0,
    "pct1ResTime" : 9.0,
    "pct2ResTime" : 26.85000000000001,
    "pct3ResTime" : 47.0,
    "throughput" : 3.7479503396579994,
    "receivedKBytesPerSec" : 3.474997803935348,
    "sentKBytesPerSec" : 0.7603873858046382
  },
  "POST Price Update" : {
    "transaction" : "POST Price Update",
    "sampleCount" : 20,
    "errorCount" : 0,
    "errorPct" : 0.0,
    "meanResTime" : 7.1499999999999995,
    "medianResTime" : 3.5,
    "minResTime" : 2.0,
    "maxResTime" : 28.0,
    "pct1ResTime" : 26.200000000000017,
    "pct2ResTime" : 27.95,
    "pct3ResTime" : 28.0,
    "throughput" : 1.0499790004199916,
    "receivedKBytesPerSec" : 0.33001537234880307,
    "sentKBytesPerSec" : 0.27172308116337673
  },
  "GET Inventory by Product ID" : {
    "transaction" : "GET Inventory by Product ID",
    "sampleCount" : 20,
    "errorCount" : 0,
    "errorPct" : 0.0,
    "meanResTime" : 4.55,
    "medianResTime" : 3.0,
    "minResTime" : 2.0,
    "maxResTime" : 24.0,
    "pct1ResTime" : 6.900000000000002,
    "pct2ResTime" : 23.149999999999988,
    "pct3ResTime" : 24.0,
    "throughput" : 1.0501995379122033,
    "receivedKBytesPerSec" : 0.2953686200378072,
    "sentKBytesPerSec" : 0.1692216052299937
  }
}