{
  "POST Create Order" : {
    "transaction" : "POST Create Order",
    "sampleCount" : 40,
    "errorCount" : 0,
    "errorPct" : 0.0,
    "meanResTime" : 4.350000000000001,
    "medianResTime" : 3.0,
    "minResTime" : 1.0,
    "maxResTime" : 17.0,
    "pct1ResTime" : 8.0,
    "pct2ResTime" : 12.849999999999987,
    "pct3ResTime" : 17.0,
    "throughput" : 1.381692573402418,
    "receivedKBytesPerSec" : 0.4986371977547496,
    "sentKBytesPerSec" : 0.3319300518134715
  },
  "GET List All Products" : {
    "transaction" : "GET List All Products",
    "sampleCount" : 40,
    "errorCount" : 0,
    "errorPct" : 0.0,
    "meanResTime" : 7.6,
    "medianResTime" : 3.0,
    "minResTime" : 2.0,
    "maxResTime" : 146.0,
    "pct1ResTime" : 8.0,
    "pct2ResTime" : 9.899999999999991,
    "pct3ResTime" : 146.0,
    "throughput" : 1.3741454532962316,
    "receivedKBytesPerSec" : 3.7815838744031054,
    "sentKBytesPerSec" : 0.20800053248136313
  },
  "Total" : {
    "transaction" : "Total",
    "sampleCount" : 160,
    "errorCount" : 0,
    "errorPct" : 0.0,
    "meanResTime" : 4.799999999999999,
    "medianResTime" : 3.0,
    "minResTime" : 1.0,
    "maxResTime" : 146.0,
    "pct1ResTime" : 8.0,
    "pct2ResTime" : 9.0,
    "pct3ResTime" : 67.30999999999824,
    "throughput" : 5.326231691078562,
    "receivedKBytesPerSec" : 4.93794732023968,
    "sentKBytesPerSec" : 1.0805904627163783
  },
  "POST Price Update" : {
    "transaction" : "POST Price Update",
    "sampleCount" : 40,
    "errorCount" : 0,
    "errorPct" : 0.0,
    "meanResTime" : 4.05,
    "medianResTime" : 3.0,
    "minResTime" : 2.0,
    "maxResTime" : 9.0,
    "pct1ResTime" : 8.0,
    "pct2ResTime" : 9.0,
    "pct3ResTime" : 9.0,
    "throughput" : 1.3819789939192924,
    "receivedKBytesPerSec" : 0.43436517499309013,
    "sentKBytesPerSec" : 0.3576410482310669
  },
  "GET Inventory by Product ID" : {
    "transaction" : "GET Inventory by Product ID",
    "sampleCount" : 40,
    "errorCount" : 0,
    "errorPct" : 0.0,
    "meanResTime" : 3.2,
    "medianResTime" : 2.0,
    "minResTime" : 1.0,
    "maxResTime" : 11.0,
    "pct1ResTime" : 5.899999999999999,
    "pct2ResTime" : 8.899999999999991,
    "pct3ResTime" : 11.0,
    "throughput" : 1.3811677773557542,
    "receivedKBytesPerSec" : 0.3884534373813059,
    "sentKBytesPerSec" : 0.2225514484997065
  }
}